<?xml version="1.0" ?>
<LOG_ROOT>
	<PROJECT NAME="dfs_ver">
		<CBX_INST_ENTRY INSTANCE_NAME="|dfs_ver|lpm_add_sub:add_rtl_72" CBX_FILE_NAME="add_sub_ith.tdf"/>
		<CBX_INST_ENTRY INSTANCE_NAME="|dfs_ver|lpm_add_sub:add_rtl_66" CBX_FILE_NAME="add_sub_ith.tdf"/>
		<CBX_INST_ENTRY INSTANCE_NAME="|dfs_ver|lpm_add_sub:add_rtl_70" CBX_FILE_NAME="add_sub_ith.tdf"/>
		<CBX_INST_ENTRY INSTANCE_NAME="|dfs_ver|lpm_add_sub:add_rtl_64" CBX_FILE_NAME="add_sub_ith.tdf"/>
		<CBX_INST_ENTRY INSTANCE_NAME="|dfs_ver|lpm_add_sub:add_rtl_62" CBX_FILE_NAME="add_sub_ith.tdf"/>
		<CBX_INST_ENTRY INSTANCE_NAME="|dfs_ver|lpm_mux:Mux_rtl_5" CBX_FILE_NAME="mux_4fc.tdf"/>
		<CBX_INST_ENTRY INSTANCE_NAME="|dfs_ver|lpm_mux:Mux_rtl_4" CBX_FILE_NAME="mux_4fc.tdf"/>
		<CBX_INST_ENTRY INSTANCE_NAME="|dfs_ver|lpm_add_sub:add_rtl_60" CBX_FILE_NAME="add_sub_ith.tdf"/>
		<CBX_INST_ENTRY INSTANCE_NAME="|dfs_ver|lpm_mux:Mux_rtl_7" CBX_FILE_NAME="mux_4fc.tdf"/>
		<CBX_INST_ENTRY INSTANCE_NAME="|dfs_ver|lpm_add_sub:add_rtl_50" CBX_FILE_NAME="add_sub_ith.tdf"/>
		<CBX_INST_ENTRY INSTANCE_NAME="|dfs_ver|lpm_mux:Mux_rtl_6" CBX_FILE_NAME="mux_4fc.tdf"/>
		<CBX_INST_ENTRY INSTANCE_NAME="|dfs_ver|lpm_add_sub:add_rtl_44" CBX_FILE_NAME="add_sub_ith.tdf"/>
		<CBX_INST_ENTRY INSTANCE_NAME="|dfs_ver|lpm_mux:Mux_rtl_9" CBX_FILE_NAME="mux_4fc.tdf"/>
		<CBX_INST_ENTRY INSTANCE_NAME="|dfs_ver|lpm_add_sub:add_rtl_78" CBX_FILE_NAME="add_sub_ith.tdf"/>
		<CBX_INST_ENTRY INSTANCE_NAME="|dfs_ver|lpm_add_sub:add_rtl_52" CBX_FILE_NAME="add_sub_ith.tdf"/>
		<CBX_INST_ENTRY INSTANCE_NAME="|dfs_ver|lpm_mux:Mux_rtl_8" CBX_FILE_NAME="mux_4fc.tdf"/>
		<CBX_INST_ENTRY INSTANCE_NAME="|dfs_ver|lpm_add_sub:add_rtl_46" CBX_FILE_NAME="add_sub_ith.tdf"/>
		<CBX_INST_ENTRY INSTANCE_NAME="|dfs_ver|lpm_add_sub:add_rtl_76" CBX_FILE_NAME="add_sub_ith.tdf"/>
		<CBX_INST_ENTRY INSTANCE_NAME="|dfs_ver|lpm_add_sub:add_rtl_40" CBX_FILE_NAME="add_sub_ith.tdf"/>
		<CBX_INST_ENTRY INSTANCE_NAME="|dfs_ver|lpm_add_sub:add_rtl_74" CBX_FILE_NAME="add_sub_ith.tdf"/>
		<CBX_INST_ENTRY INSTANCE_NAME="|dfs_ver|lpm_add_sub:add_rtl_68" CBX_FILE_NAME="add_sub_ith.tdf"/>
		<CBX_INST_ENTRY INSTANCE_NAME="|dfs_ver|lpm_add_sub:add_rtl_42" CBX_FILE_NAME="add_sub_ith.tdf"/>
		<CBX_INST_ENTRY INSTANCE_NAME="|dfs_ver|lpm_mux:Mux_rtl_1" CBX_FILE_NAME="mux_4fc.tdf"/>
		<CBX_INST_ENTRY INSTANCE_NAME="|dfs_ver|lpm_mux:Mux_rtl_3" CBX_FILE_NAME="mux_4fc.tdf"/>
		<CBX_INST_ENTRY INSTANCE_NAME="|dfs_ver|lpm_mux:Mux_rtl_2" CBX_FILE_NAME="mux_4fc.tdf"/>
		<CBX_INST_ENTRY INSTANCE_NAME="|dfs_ver|lpm_mux:Mux_rtl_29" CBX_FILE_NAME="mux_4fc.tdf"/>
		<CBX_INST_ENTRY INSTANCE_NAME="|dfs_ver|lpm_mux:Mux_rtl_28" CBX_FILE_NAME="mux_4fc.tdf"/>
		<CBX_INST_ENTRY INSTANCE_NAME="|dfs_ver|lpm_mux:Mux_rtl_27" CBX_FILE_NAME="mux_4fc.tdf"/>
		<CBX_INST_ENTRY INSTANCE_NAME="|dfs_ver|lpm_mux:Mux_rtl_26" CBX_FILE_NAME="mux_4fc.tdf"/>
		<CBX_INST_ENTRY INSTANCE_NAME="|dfs_ver|lpm_mux:Mux_rtl_25" CBX_FILE_NAME="mux_4fc.tdf"/>
		<CBX_INST_ENTRY INSTANCE_NAME="|dfs_ver|lpm_mux:Mux_rtl_39" CBX_FILE_NAME="mux_4fc.tdf"/>
		<CBX_INST_ENTRY INSTANCE_NAME="|dfs_ver|lpm_mux:Mux_rtl_24" CBX_FILE_NAME="mux_4fc.tdf"/>
		<CBX_INST_ENTRY INSTANCE_NAME="|dfs_ver|lpm_mux:Mux_rtl_23" CBX_FILE_NAME="mux_4fc.tdf"/>
		<CBX_INST_ENTRY INSTANCE_NAME="|dfs_ver|lpm_mux:Mux_rtl_37" CBX_FILE_NAME="mux_4fc.tdf"/>
		<CBX_INST_ENTRY INSTANCE_NAME="|dfs_ver|lpm_mux:Mux_rtl_22" CBX_FILE_NAME="mux_4fc.tdf"/>
		<CBX_INST_ENTRY INSTANCE_NAME="|dfs_ver|lpm_mux:Mux_rtl_21" CBX_FILE_NAME="mux_4fc.tdf"/>
		<CBX_INST_ENTRY INSTANCE_NAME="|dfs_ver|lpm_mux:Mux_rtl_35" CBX_FILE_NAME="mux_4fc.tdf"/>
		<CBX_INST_ENTRY INSTANCE_NAME="|dfs_ver|lpm_mux:Mux_rtl_20" CBX_FILE_NAME="mux_4fc.tdf"/>
		<CBX_INST_ENTRY INSTANCE_NAME="|dfs_ver|lpm_mux:Mux_rtl_18" CBX_FILE_NAME="mux_4fc.tdf"/>
		<CBX_INST_ENTRY INSTANCE_NAME="|dfs_ver|lpm_mux:Mux_rtl_33" CBX_FILE_NAME="mux_4fc.tdf"/>
		<CBX_INST_ENTRY INSTANCE_NAME="|dfs_ver|lpm_mux:Mux_rtl_19" CBX_FILE_NAME="mux_4fc.tdf"/>
		<CBX_INST_ENTRY INSTANCE_NAME="|dfs_ver|lpm_mux:Mux_rtl_30" CBX_FILE_NAME="mux_4fc.tdf"/>
		<CBX_INST_ENTRY INSTANCE_NAME="|dfs_ver|lpm_mux:Mux_rtl_31" CBX_FILE_NAME="mux_4fc.tdf"/>
		<CBX_INST_ENTRY INSTANCE_NAME="|dfs_ver|lpm_mux:Mux_rtl_14" CBX_FILE_NAME="mux_4fc.tdf"/>
		<CBX_INST_ENTRY INSTANCE_NAME="|dfs_ver|lpm_mux:Mux_rtl_15" CBX_FILE_NAME="mux_4fc.tdf"/>
		<CBX_INST_ENTRY INSTANCE_NAME="|dfs_ver|lpm_mux:Mux_rtl_16" CBX_FILE_NAME="mux_4fc.tdf"/>
		<CBX_INST_ENTRY INSTANCE_NAME="|dfs_ver|lpm_mux:Mux_rtl_17" CBX_FILE_NAME="mux_4fc.tdf"/>
		<CBX_INST_ENTRY INSTANCE_NAME="|dfs_ver|lpm_mux:Mux_rtl_10" CBX_FILE_NAME="mux_4fc.tdf"/>
		<CBX_INST_ENTRY INSTANCE_NAME="|dfs_ver|lpm_mux:Mux_rtl_11" CBX_FILE_NAME="mux_4fc.tdf"/>
		<CBX_INST_ENTRY INSTANCE_NAME="|dfs_ver|lpm_mux:Mux_rtl_12" CBX_FILE_NAME="mux_4fc.tdf"/>
		<CBX_INST_ENTRY INSTANCE_NAME="|dfs_ver|lpm_mux:Mux_rtl_13" CBX_FILE_NAME="mux_4fc.tdf"/>
		<CBX_INST_ENTRY INSTANCE_NAME="|dfs_ver|lpm_mux:Mux_rtl_51" CBX_FILE_NAME="mux_4fc.tdf"/>
		<CBX_INST_ENTRY INSTANCE_NAME="|dfs_ver|lpm_mux:Mux_rtl_53" CBX_FILE_NAME="mux_4fc.tdf"/>
		<CBX_INST_ENTRY INSTANCE_NAME="|dfs_ver|lpm_mux:Mux_rtl_41" CBX_FILE_NAME="mux_4fc.tdf"/>
		<CBX_INST_ENTRY INSTANCE_NAME="|dfs_ver|lpm_mux:Mux_rtl_55" CBX_FILE_NAME="mux_4fc.tdf"/>
		<CBX_INST_ENTRY INSTANCE_NAME="|dfs_ver|lpm_mux:Mux_rtl_81" CBX_FILE_NAME="mux_4fc.tdf"/>
		<CBX_INST_ENTRY INSTANCE_NAME="|dfs_ver|lpm_mux:Mux_rtl_67" CBX_FILE_NAME="mux_4fc.tdf"/>
		<CBX_INST_ENTRY INSTANCE_NAME="|dfs_ver|lpm_mux:Mux_rtl_43" CBX_FILE_NAME="mux_4fc.tdf"/>
		<CBX_INST_ENTRY INSTANCE_NAME="|dfs_ver|lpm_mux:Mux_rtl_57" CBX_FILE_NAME="mux_4fc.tdf"/>
		<CBX_INST_ENTRY INSTANCE_NAME="|dfs_ver|lpm_mux:Mux_rtl_83" CBX_FILE_NAME="mux_4fc.tdf"/>
		<CBX_INST_ENTRY INSTANCE_NAME="|dfs_ver|lpm_mux:Mux_rtl_65" CBX_FILE_NAME="mux_4fc.tdf"/>
		<CBX_INST_ENTRY INSTANCE_NAME="|dfs_ver|lpm_mux:Mux_rtl_45" CBX_FILE_NAME="mux_4fc.tdf"/>
		<CBX_INST_ENTRY INSTANCE_NAME="|dfs_ver|lpm_mux:Mux_rtl_79" CBX_FILE_NAME="mux_4fc.tdf"/>
		<CBX_INST_ENTRY INSTANCE_NAME="|dfs_ver|lpm_mux:Mux_rtl_73" CBX_FILE_NAME="mux_4fc.tdf"/>
		<CBX_INST_ENTRY INSTANCE_NAME="|dfs_ver|lpm_mux:Mux_rtl_59" CBX_FILE_NAME="mux_4fc.tdf"/>
		<CBX_INST_ENTRY INSTANCE_NAME="|dfs_ver|lpm_mux:Mux_rtl_47" CBX_FILE_NAME="mux_4fc.tdf"/>
		<CBX_INST_ENTRY INSTANCE_NAME="|dfs_ver|lpm_mux:Mux_rtl_71" CBX_FILE_NAME="mux_4fc.tdf"/>
		<CBX_INST_ENTRY INSTANCE_NAME="|dfs_ver|lpm_mux:Mux_rtl_69" CBX_FILE_NAME="mux_4fc.tdf"/>
		<CBX_INST_ENTRY INSTANCE_NAME="|dfs_ver|lpm_mux:Mux_rtl_63" CBX_FILE_NAME="mux_4fc.tdf"/>
		<CBX_INST_ENTRY INSTANCE_NAME="|dfs_ver|lpm_mux:Mux_rtl_49" CBX_FILE_NAME="mux_4fc.tdf"/>
		<CBX_INST_ENTRY INSTANCE_NAME="|dfs_ver|lpm_mux:Mux_rtl_77" CBX_FILE_NAME="mux_4fc.tdf"/>
		<CBX_INST_ENTRY INSTANCE_NAME="|dfs_ver|lpm_mux:Mux_rtl_89" CBX_FILE_NAME="mux_4fc.tdf"/>
		<CBX_INST_ENTRY INSTANCE_NAME="|dfs_ver|lpm_mux:Mux_rtl_61" CBX_FILE_NAME="mux_4fc.tdf"/>
		<CBX_INST_ENTRY INSTANCE_NAME="|dfs_ver|lpm_mux:Mux_rtl_75" CBX_FILE_NAME="mux_4fc.tdf"/>
		<CBX_INST_ENTRY INSTANCE_NAME="|dfs_ver|lpm_mux:Mux_rtl_85" CBX_FILE_NAME="mux_4fc.tdf"/>
		<CBX_INST_ENTRY INSTANCE_NAME="|dfs_ver|lpm_mux:Mux_rtl_87" CBX_FILE_NAME="mux_4fc.tdf"/>
		<CBX_INST_ENTRY INSTANCE_NAME="|dfs_ver|lpm_add_sub:add_rtl_80" CBX_FILE_NAME="add_sub_ith.tdf"/>
		<CBX_INST_ENTRY INSTANCE_NAME="|dfs_ver|lpm_add_sub:add_rtl_82" CBX_FILE_NAME="add_sub_ith.tdf"/>
		<CBX_INST_ENTRY INSTANCE_NAME="|dfs_ver|lpm_add_sub:add_rtl_90" CBX_FILE_NAME="add_sub_ith.tdf"/>
		<CBX_INST_ENTRY INSTANCE_NAME="|dfs_ver|lpm_add_sub:add_rtl_84" CBX_FILE_NAME="add_sub_ith.tdf"/>
		<CBX_INST_ENTRY INSTANCE_NAME="|dfs_ver|lpm_add_sub:add_rtl_86" CBX_FILE_NAME="add_sub_ith.tdf"/>
		<CBX_INST_ENTRY INSTANCE_NAME="|dfs_ver|lpm_add_sub:add_rtl_0" CBX_FILE_NAME="add_sub_jth.tdf"/>
		<CBX_INST_ENTRY INSTANCE_NAME="|dfs_ver|lpm_add_sub:add_rtl_88" CBX_FILE_NAME="add_sub_ith.tdf"/>
		<CBX_INST_ENTRY INSTANCE_NAME="|dfs_ver|lpm_add_sub:add_rtl_58" CBX_FILE_NAME="add_sub_ith.tdf"/>
		<CBX_INST_ENTRY INSTANCE_NAME="|dfs_ver|lpm_add_sub:add_rtl_54" CBX_FILE_NAME="add_sub_ith.tdf"/>
		<CBX_INST_ENTRY INSTANCE_NAME="|dfs_ver|lpm_add_sub:add_rtl_32" CBX_FILE_NAME="add_sub_ith.tdf"/>
		<CBX_INST_ENTRY INSTANCE_NAME="|dfs_ver|lpm_add_sub:add_rtl_48" CBX_FILE_NAME="add_sub_ith.tdf"/>
		<CBX_INST_ENTRY INSTANCE_NAME="|dfs_ver|lpm_add_sub:add_rtl_56" CBX_FILE_NAME="add_sub_ith.tdf"/>
		<CBX_INST_ENTRY INSTANCE_NAME="|dfs_ver|lpm_add_sub:add_rtl_36" CBX_FILE_NAME="add_sub_ith.tdf"/>
		<CBX_INST_ENTRY INSTANCE_NAME="|dfs_ver|lpm_add_sub:add_rtl_34" CBX_FILE_NAME="add_sub_ith.tdf"/>
		<CBX_INST_ENTRY INSTANCE_NAME="|dfs_ver|lpm_add_sub:add_rtl_38" CBX_FILE_NAME="add_sub_ith.tdf"/>
	</PROJECT>
</LOG_ROOT>
