<?xml version="1.0" ?>
<LOG_ROOT>
	<PROJECT NAME="dfs">
		<CBX_INST_ENTRY INSTANCE_NAME="|dfs|lpm_mux:Mux_rtl_4" CBX_FILE_NAME="mux_ldc.tdf"/>
		<CBX_INST_ENTRY INSTANCE_NAME="|dfs|lpm_mux:Mux_rtl_5" CBX_FILE_NAME="mux_ldc.tdf"/>
		<CBX_INST_ENTRY INSTANCE_NAME="|dfs|lpm_mux:Mux_rtl_30" CBX_FILE_NAME="mux_ldc.tdf"/>
		<CBX_INST_ENTRY INSTANCE_NAME="|dfs|lpm_mux:Mux_rtl_6" CBX_FILE_NAME="mux_ldc.tdf"/>
		<CBX_INST_ENTRY INSTANCE_NAME="|dfs|lpm_mux:Mux_rtl_31" CBX_FILE_NAME="mux_ldc.tdf"/>
		<CBX_INST_ENTRY INSTANCE_NAME="|dfs|lpm_mux:Mux_rtl_7" CBX_FILE_NAME="mux_ldc.tdf"/>
		<CBX_INST_ENTRY INSTANCE_NAME="|dfs|lpm_mux:Mux_rtl_32" CBX_FILE_NAME="mux_ldc.tdf"/>
		<CBX_INST_ENTRY INSTANCE_NAME="|dfs|lpm_mux:Mux_rtl_8" CBX_FILE_NAME="mux_ldc.tdf"/>
		<CBX_INST_ENTRY INSTANCE_NAME="|dfs|lpm_mux:Mux_rtl_33" CBX_FILE_NAME="mux_gdc.tdf"/>
		<CBX_INST_ENTRY INSTANCE_NAME="|dfs|lpm_mux:Mux_rtl_9" CBX_FILE_NAME="mux_ldc.tdf"/>
		<CBX_INST_ENTRY INSTANCE_NAME="|dfs|lpm_add_sub:add_rtl_44" CBX_FILE_NAME="add_sub_jth.tdf"/>
		<CBX_INST_ENTRY INSTANCE_NAME="|dfs|lpm_add_sub:add_rtl_37" CBX_FILE_NAME="add_sub_ith.tdf"/>
		<CBX_INST_ENTRY INSTANCE_NAME="|dfs|lpm_mux:Mux_rtl_34" CBX_FILE_NAME="mux_ldc.tdf"/>
		<CBX_INST_ENTRY INSTANCE_NAME="|dfs|lpm_mux:Mux_rtl_21" CBX_FILE_NAME="mux_ldc.tdf"/>
		<CBX_INST_ENTRY INSTANCE_NAME="|dfs|lpm_mux:Mux_rtl_35" CBX_FILE_NAME="mux_gdc.tdf"/>
		<CBX_INST_ENTRY INSTANCE_NAME="|dfs|lpm_mux:Mux_rtl_20" CBX_FILE_NAME="mux_ldc.tdf"/>
		<CBX_INST_ENTRY INSTANCE_NAME="|dfs|lpm_mux:Mux_rtl_36" CBX_FILE_NAME="mux_gdc.tdf"/>
		<CBX_INST_ENTRY INSTANCE_NAME="|dfs|lpm_mux:Mux_rtl_23" CBX_FILE_NAME="mux_ldc.tdf"/>
		<CBX_INST_ENTRY INSTANCE_NAME="|dfs|lpm_mux:Mux_rtl_22" CBX_FILE_NAME="mux_ldc.tdf"/>
		<CBX_INST_ENTRY INSTANCE_NAME="|dfs|lpm_add_sub:add_rtl_40" CBX_FILE_NAME="add_sub_tph.tdf"/>
		<CBX_INST_ENTRY INSTANCE_NAME="|dfs|lpm_mux:Mux_rtl_25" CBX_FILE_NAME="mux_ldc.tdf"/>
		<CBX_INST_ENTRY INSTANCE_NAME="|dfs|lpm_mux:Mux_rtl_12" CBX_FILE_NAME="mux_ldc.tdf"/>
		<CBX_INST_ENTRY INSTANCE_NAME="|dfs|lpm_add_sub:add_rtl_41" CBX_FILE_NAME="add_sub_ith.tdf"/>
		<CBX_INST_ENTRY INSTANCE_NAME="|dfs|lpm_mux:Mux_rtl_24" CBX_FILE_NAME="mux_ldc.tdf"/>
		<CBX_INST_ENTRY INSTANCE_NAME="|dfs|lpm_mux:Mux_rtl_13" CBX_FILE_NAME="mux_ldc.tdf"/>
		<CBX_INST_ENTRY INSTANCE_NAME="|dfs|lpm_add_sub:add_rtl_42" CBX_FILE_NAME="add_sub_hth.tdf"/>
		<CBX_INST_ENTRY INSTANCE_NAME="|dfs|lpm_add_sub:add_rtl_39" CBX_FILE_NAME="add_sub_tph.tdf"/>
		<CBX_INST_ENTRY INSTANCE_NAME="|dfs|lpm_mux:Mux_rtl_27" CBX_FILE_NAME="mux_ldc.tdf"/>
		<CBX_INST_ENTRY INSTANCE_NAME="|dfs|lpm_mux:Mux_rtl_10" CBX_FILE_NAME="mux_ldc.tdf"/>
		<CBX_INST_ENTRY INSTANCE_NAME="|dfs|lpm_add_sub:add_rtl_43" CBX_FILE_NAME="add_sub_ith.tdf"/>
		<CBX_INST_ENTRY INSTANCE_NAME="|dfs|lpm_add_sub:add_rtl_38" CBX_FILE_NAME="add_sub_uph.tdf"/>
		<CBX_INST_ENTRY INSTANCE_NAME="|dfs|lpm_mux:Mux_rtl_26" CBX_FILE_NAME="mux_ldc.tdf"/>
		<CBX_INST_ENTRY INSTANCE_NAME="|dfs|lpm_mux:Mux_rtl_11" CBX_FILE_NAME="mux_ldc.tdf"/>
		<CBX_INST_ENTRY INSTANCE_NAME="|dfs|lpm_mux:Mux_rtl_29" CBX_FILE_NAME="mux_ldc.tdf"/>
		<CBX_INST_ENTRY INSTANCE_NAME="|dfs|lpm_mux:Mux_rtl_16" CBX_FILE_NAME="mux_ldc.tdf"/>
		<CBX_INST_ENTRY INSTANCE_NAME="|dfs|lpm_mux:Mux_rtl_28" CBX_FILE_NAME="mux_ldc.tdf"/>
		<CBX_INST_ENTRY INSTANCE_NAME="|dfs|lpm_mux:Mux_rtl_17" CBX_FILE_NAME="mux_ldc.tdf"/>
		<CBX_INST_ENTRY INSTANCE_NAME="|dfs|lpm_mux:Mux_rtl_14" CBX_FILE_NAME="mux_ldc.tdf"/>
		<CBX_INST_ENTRY INSTANCE_NAME="|dfs|lpm_mux:Mux_rtl_15" CBX_FILE_NAME="mux_ldc.tdf"/>
		<CBX_INST_ENTRY INSTANCE_NAME="|dfs|lpm_mux:Mux_rtl_1" CBX_FILE_NAME="mux_ldc.tdf"/>
		<CBX_INST_ENTRY INSTANCE_NAME="|dfs|lpm_mux:Mux_rtl_2" CBX_FILE_NAME="mux_ldc.tdf"/>
		<CBX_INST_ENTRY INSTANCE_NAME="|dfs|lpm_mux:Mux_rtl_3" CBX_FILE_NAME="mux_ldc.tdf"/>
		<CBX_INST_ENTRY INSTANCE_NAME="|dfs|lpm_add_sub:add_rtl_0" CBX_FILE_NAME="add_sub_jth.tdf"/>
		<CBX_INST_ENTRY INSTANCE_NAME="|dfs|lpm_mux:Mux_rtl_18" CBX_FILE_NAME="mux_ldc.tdf"/>
		<CBX_INST_ENTRY INSTANCE_NAME="|dfs|lpm_mux:Mux_rtl_19" CBX_FILE_NAME="mux_ldc.tdf"/>
	</PROJECT>
</LOG_ROOT>
